Name,Symbol,Decimals,Address on GC,Address on ETH
ChainLink Token,LINK,18,0xE2e73A1c69ecF83F464EFCE6A5be353a37cA09b2,0x514910771AF9Ca656af840dff83E8264EcF986CA
Aave v3 WETH,AWETH,18,0xa818F1B57c201E092C4A2017A91815034326Efd1,
Uniswap,UNI,18,0x4537e328Bf7e4eFA29D05CAeA260D7fE26af9D74,0x1f9840a85d5aF5bf1D1762F925BDADdC4201F984
GHO,GHO,18,0xfc421aD3C883Bf9E7C4f42dE845C4e4405799e73,
Gnosis Token,GNO,18,0x9C58BAcC331c9aa871AFD802DB6379a98e80CEdb,0x6810e776880C02933D47DB1b9fc05908e5386b96
Curve.Fi USD Stablecoin,crvUSD,18,0xaBEf652195F98A91E490f047A5006B71c85f058d,0xf939E0A03FB07F59A73314E73794Be0E57ac1b4E
CoW Protocol Token,COW,18,0x177127622c4A00F3d409B75571e12cB3c8973d3c,0xDEf1CA1fb7FBcDC777520aa7f396b4E015F497aB
Safe Token,SAFE,18,0x4d18815D14fe5c3304e87B3FA18318baa5c23820,0x5aFE3855358E112B5647B952709E6165e1c1eEEe
yearn.finance,YFI,18,0xbf65bfcb5da067446CeE6A706ba3Fe2fB1a9fdFd,0x0bc529c00C6401aEF6D220BE8C6Ea1667F6Ad93e
XDAI,XDAI,18,0xe91D153E0b41518A2Ce8Dd3D7944Fa863463a97d,
Savings xDAI,SDAI,18,0xaf204776c7245bF4147c2612BF6e5972Ee483701,
Tellor Tributes,TRB,18,0xAAd66432d27737ecf6ED183160Adc5eF36aB99f2,0x88dF592F8eb5D7Bd38bFeF7dEb0fBc02cf3778a0
Wrapped liquid staked Ether 2.0,wstETH,18,0x6C76971f98945AE98dD7d4DFcA8711ebea946eA6,0x7f39C581F595B53c5cb19bD0b3f8dA6c935E2Ca0
Frankencoin,ZCHF,18,0xD4dD9e2F021BB459D5A5f6c24C12fE09c5D45553,
Backed CSPX Core S&P 500,bCSPX,18,0x1e2C4fb7eDE391d116E6B41cD0608260e8801D59,0x1e2C4fb7eDE391d116E6B41cD0608260e8801D59
Monerium EUR emoney,EURE,18,0x420CA0f9B9b604cE0fd9C18EF134C705e5Fa3430,
Monerium EUR emoney [OLD],EURE,18,0xcB444e90D8198415266c6a2724b7900fb12FC56E,
BRLA Digital BRLA,BRLA,18,0xFECB3F7c54E2CAAE9dC6Ac9060A822D47E053760,
JPY Coin,JPYC,18,0x431D5dfF03120AFA4bDf332c61A6e1766eF37BDB,
Backed IB01 $ Treasury Bond 0-1yr,BIB01,18,0xCA30c93B02514f86d5C86a6e375E3A330B435Fb5,
JPY Coin,JPYC,18,0x417602f4fbdd471A431Ae29fB5fe0A681964C11b,0x2370f9d504c7a6E775bf6E14B3F12846b594cD53
USD Coin,USDC,6,0xDDAfbb505ad214D7b80b1f830fcCc89B60fb7A83,0xA0b86991c6218b36c1d19D4a2e9Eb0cE3606eB48
Gnosis xDAI Bridged USDC (Gnosis),USDC.E,6,0x2a22f9c3b484c3629090FeED35F17Ff8F88f76F0,
HOPR Token,HOPR,18,0xD057604A14982FE8D88c5fC25Aac3267eA142a08,0xF5581dFeFD8Fb0e4aeC526bE659CFaB1f8c781dA
MAI,MIMATIC,18,0x3F56e0c36d275367b8C502090EDF38289b3dEa0d,
Backed GOVIES 0-6 months EURO,BC3M,18,0x2F123cF3F37CE3328CC9B5b8415f9EC5109b45e7,
Pinakion,PNK,18,0x37b60f4E9A31A64cCc0024dce7D0fD07eAA0F7B3,0x93ED3FBe21207Ec2E8f2d3c3de6e058Cb73Bc04d
Balancer,BAL,18,0x7eF541E2a22058048904fE5744f9c7E4C57AF717,0xba100000625a3754423978a60c9317c58a424e3D
Ethix,ETHIX,18,0xec3f3e6d7907acDa3A7431abD230196CDA3FbB19,0xFd09911130e6930Bf87F2B0554c44F400bD80D3e
Badger,BADGER,18,0xdfc20AE04ED70bd9c7D720F449eEDAe19F659D65,0x3472A5A71965499acd81997a54BBA8D852C6E53d
Backed Coinbase Global,BCOIN,18,0xbbcb0356bB9e6B3Faa5CbF9E5F36185d53403Ac9,
Autonolas,OLAS,18,0xcE11e14225575945b8E6Dc0D4F2dD4C570f79d9f,0x0001A500A6B18995B03f44bb040A5fFc28E45CB0
Wrapped Ether,WETH,18,0x6A023CCd1ff6F2045C3309768eAd9E68F978f6e1,0xC02aaA39b223FE8D0A0e5C4F27eAD9083C756Cc2
RealToken Ecosystem Governance,REG,18,0x0AA1e96D2a46Ec6beB2923dE1E61Addf5F5f1dce,
BZZ,BZZ,16,0xdBF3Ea6F5beE45c02255B2c26a16F300502F68da,0x19062190B1925b5b6689D7073fDfC8c2976EF8Cb
DefiPulse Index,DPI,18,0xD3D47d5578e55C880505dC40648F7F9307C3e7A8,0x1494CA1F11D487c2bBe4543E90080AeBa4BA3C2b
FOX,FOX,18,0x21a42669643f45Bc0e086b8Fc2ed70c23D67509d,0xc770EEfAd204B5180dF6a14Ee197D99d808ee52d
Mt Pelerin Shares,MPS,0,0xfa57AA7beED63D03Aaf85fFd1753f5f6242588fb,
Agave,AGVE,18,0x3a97704a1b25F08aa230ae53B352e2e72ef52843,
Wrapped BTC,WBTC,8,0x8e5bBbb09Ed1ebdE8674Cda39A0c169401db4252,0x2260FAC5E5542a773Aa44fBCfeDf7C193bc2C599
EURA,EURA,18,0x4b1E2c2762667331Bc91648052F646d1b0d35984,
Swash,SWASH,18,0x84E2C67CBEfae6B5148fcA7d02B341B12ff4b5Bb,
Perpetual,PERP,18,0x7ecF26cd9A36990b8ea477853663092333f59979,0xbC396689893D065F41bc2C6EcbeE5e0085233447
Backed IBTA $ Treasury Bond 1-3yr,BIBTA,18,0x52d134c6DB5889FaD3542A09eAf7Aa90C0fdf9E4,
IDRX,IDRX,2,0x18Bc5bcC660cf2B9cE3cd51a404aFe1a0cBD3C22,
Fuse,FUSE,18,0xD589F00Fa2Eb83367f732AB3CDA92eE0940389cF,
Streamr,DATA,18,0x256eb8a51f382650B2A1e946b8811953640ee47D,
Shutter Token,SHU,18,0x8CCd277Cc638E7e17F8100cE583cBcEf42007Dca,0xe485E2f1bab389C08721B291f6b59780feC83Fd7
Monerium GBP emoney,GBPE,18,0x5Cb9073902F2035222B9749F8fB0c9BFe5527108,
Decentralized Insurance Protocol,DIP,18,0x48b1B0d077b4919b65b4E4114806dD803901E1D9,0xc719d010B63E5bbF2C0551872CD5316ED26AcD83
Tether USD,USDT,6,0x4ECaBa5870353805a9F068101A40E0f32ed605C6,0xdAC17F958D2ee523a2206206994597C13D831ec7
Aura Finance,AURA,18,0x1509706a6c66CA549ff0cB464de88231DDBe213B,
Backed NIU Technologies,BNIU,18,0x2f11EeeE0bf21E7661A22dbBbb9068F4ad191b86,
Curve.fi wxDAI/USDC/USDT,X3CRV,18,0x1337BedC9D22ecbe766dF105c9623922A27963EC,
Bread,BREAD,18,0xa555d5344f6FB6c65da19e403Cb4c1eC4a1a5Ee3,
PoolTogether,POOL,18,0x216a7d520992eD198593A16e0b17c784c9cdc660,0x0cEC1A9154Ff802e7934Fc916Ed7Ca50bDE6844e
Brazilian real,WBRL,18,0xD76f5Faf6888e24D9F04Bf92a0c8B921FE4390e0,
Jarvis Synthetic Euro,JEUR,18,0x9fB1d52596c44603198fB0aee434fac3a679f702,
Giveth,GIV,18,0x4f4F9b8D5B4d0Dc10506e5551B0513B61fD59e75,0x900dB999074d9277c5DA2A43F252D74366230DA0
DeHive,DHV,18,0xFbdd194376de19a88118e84E279b977f165d01b8,
Euro Coin,EURC,6,0x54E4cB2a4Fa0ee46E3d9A98D13Bea119666E09f6,0x1aBaEA1f7C830bD89Acc67eC4af516284b1bC33c
Argentine Peso,WARS,18,0x0DC4F92879B7670e5f4e4e6e3c801D229129D90D,
Backed HIGH € High Yield Corp Bond,BHIGH,18,0x20C64dEE8FdA5269A78f2D5BDBa861CA1d83DF7a,
Elk Finance,ELK,18,0xeEeEEb57642040bE42185f49C52F7E9B38f8eeeE,
Everclear,CLEAR,18,0x58b9cB810A68a7f3e1E4f8Cb45D1B9B3c79705E8,0x58b9cB810A68a7f3e1E4f8Cb45D1B9B3c79705E8
Space Token,SPACE,18,0x1D1498166DDCEeE616a6d99868e1E0677300056f,
Lucid USDC,LUSDC,6,0xCD2f64112ec04e21cC56F7bf2294A6A37790305e,
DAOhaus Token,HAUS,18,0xb0C5f3100A4d9d9532a4CfD68c55F1AE8da987Eb,0xf2051511B9b121394FA75B8F7d4E7424337af687
Circuits of Value,COVAL,8,0x8b8407c6184f1f0Fd1082e83d6A3b8349cAcEd12,
STAKE,STAKE,18,0xb7D311E2Eb55F2f68a9440da38e7989210b9A05e,0x0Ae055097C6d159879521C384F1D2123D1f195e6
Donut,DONUT,18,0x524B969793a64a602342d89BC2789D43a016B13A,0xC0F9bD5Fa5698B6505F643900FFA515Ea5dF54A9
Wrapped Backed Coinbase Global,WBCOIN,18,0xDEc933e2392AD908263e70A386fbF34e703Ffe8F,
Chilean Peso,WCLP,18,0x61D450a098b6a7f69fC4b98CE68198fe59768651,
Mexican Peso,WMXN,18,0x337E7456B420bD3481e7FA61fA9850343d610d34,
Colombian Peso,WCOP,18,0x8a1D45e102e886510e891d2Ec656a708991e2D76,
Hop,HOP,18,0xc5102fE9359FD9a28f877a67E36B0F050d81a3CC,0xc5102fE9359FD9a28f877a67E36B0F050d81a3CC
Peruvian Sol,WPEN,18,0x4F34c8b3b5FB6D98Da888F0feA543d4d9C9F2eBE,
Minerva Wallet,MIVA,18,0x63e62989D9EB2d37dfDB1F93A22f063635b07d51,
Wrapped Aave Gnosis wstETH,WAGNOWSTETH,18,0x773CDA0CADe2A3d86E6D4e30699d40bB95174ff2,
Wrapped bTSLA,WBTSLA,18,0x1f82284C1658Ad71C576f7230E6C2DEE7901c1FA,
Wrapped Aave Gnosis GNO,WAGNOGNO,18,0x7c16F0185A26Db0AE7a9377f23BC18ea7ce5d644,
Particle,PRTCLE,18,0xB5d592f85ab2D955c25720EbE6FF8D4d1E1Be300,
Wrapped Aave Gnosis WETH,WAGNOWETH,18,0x57f664882F762FA37903FC864e2B633D384B411A,
Wrapped bMSTR,WBMSTR,18,0x1a4F71B0Ff3C22540887bcf83b50054a213c673d,
Wrapped bNVDA,WBNVDA,18,0x7E8101A1C322D394b3961498c7D40d2DFA94C392,
Backed Microsoft,BMSFT,18,0x374A457967Ba24FD3Ae66294cAb08244185574b0,
Backed Tesla,BTSLA,18,0x14A5f2872396802C3Cc8942A39Ab3E4118EE5038,
Backed Alphabet Class A,BGOOGL,18,0xEbee37Aaf2905b7BdA7E3b928043862e982E8F32,
Backed NVIDIA,BNVDA,18,0xA34C5e0AbE843E10461E2C9586Ea03E55Dbcc495,
Backed MicroStrategy,BMSTR,18,0xaC28C9178ACc8BA4A11A29E013a3A2627086e422,
StakeWise Staked GNO,OSGNO,18,0xF490c80aAE5f2616d3e3BDa2483E30C4CB21d1A0,
Backed ZPR1 $ 1-3 Month T-Bill,BZPR1,18,0xAde6057FcAfa57d6d51FFa341C64ce4814995995,
Backed Swiss Domestic Government Bond 0-3,BCSBGC3,18,0xd8B95B1987741849cA7e71e976aEB535fd2e55a2,
Backed GameStop Corp,BGME,18,0x7212088A11b4d8f6FC90fbB3dfE793B45dd72323,
Backed ERNA $ Bond,BERNA,18,0x0f76D32CDccDcbd602A55Af23EAF58FD1eE17245,
Staked EURA,stEUR,18,0x004626A008B1aCdC4c74ab51644093b155e59A23,0x004626A008B1aCdC4c74ab51644093b155e59A23
Balancer Stable USD,STABAL3,18,0x2086f52651837600180dE173B09470F54EF74910,
Aave v3 USDC,AUSDC,6,0xc6B7AcA6DE8a6044E0e32d0c841a89244A10D284,
Aave v3 DAI,ADAI,18,0xd0Dd6cEF72143E22cCED4867eb0d5F2328715533,
Aave v3 sDAI,ASDAI,18,0x7a5c3860a77a8DC1b225BD46d0fb2ac1C6D191BC,
